store        ,operation,num   ,key-size,value-size,exec    ,ns/op     ,B/op     ,allocs/op
file.SB      ,put      ,1     ,2       ,10        ,101847  ,11730     ,184      ,6
file.SB      ,get      ,1     ,2       ,10        ,139588  ,8456      ,176      ,5
file.SB      ,put      ,1     ,2       ,100       ,100456  ,12406     ,280      ,5
file.SB      ,get      ,1     ,2       ,100       ,123644  ,9069      ,275      ,5
file.SB      ,put      ,1     ,2       ,1000      ,66283   ,21354     ,1192     ,6
file.SB      ,get      ,1     ,2       ,1000      ,118978  ,8812      ,1186     ,5
file.SB      ,put      ,1     ,4       ,10        ,100299  ,11185     ,184      ,6
file.SB      ,get      ,1     ,4       ,10        ,133776  ,8548      ,176      ,5
file.SB      ,put      ,1     ,4       ,100       ,83328   ,12193     ,280      ,6
file.SB      ,get      ,1     ,4       ,100       ,128247  ,8600      ,275      ,5
file.SB      ,put      ,1     ,4       ,1000      ,69147   ,16336     ,1192     ,6
file.SB      ,get      ,1     ,4       ,1000      ,125568  ,8960      ,1186     ,5
file.SB      ,put      ,1     ,8       ,10        ,102886  ,11336     ,184      ,6
file.SB      ,get      ,1     ,8       ,10        ,133272  ,8682      ,176      ,5
file.SB      ,put      ,1     ,8       ,100       ,98757   ,12039     ,280      ,6
file.SB      ,get      ,1     ,8       ,100       ,127959  ,8699      ,275      ,5
file.SB      ,put      ,1     ,8       ,1000      ,70995   ,16128     ,1194     ,6
file.SB      ,get      ,1     ,8       ,1000      ,118863  ,9165      ,1186     ,5
file.SB      ,put      ,1     ,16      ,100       ,91450   ,12298     ,282      ,6
file.SB      ,get      ,1     ,16      ,100       ,128304  ,9095      ,274      ,5
file.SB      ,put      ,1     ,16      ,1000      ,68454   ,16658     ,1192     ,6
file.SB      ,get      ,1     ,16      ,1000      ,123496  ,9335      ,1187     ,5
file.SB      ,put      ,10    ,2       ,10        ,9936    ,110631    ,1840     ,60
file.SB      ,get      ,10    ,2       ,10        ,14134   ,84785     ,1760     ,50
file.SB      ,put      ,10    ,2       ,100       ,10000   ,118097    ,2826     ,60
file.SB      ,get      ,10    ,2       ,100       ,13509   ,84998     ,2752     ,50
file.SB      ,put      ,10    ,2       ,1000      ,7846    ,160307    ,11946    ,60
file.SB      ,get      ,10    ,2       ,1000      ,13300   ,88311     ,11872    ,50
file.SB      ,put      ,10    ,4       ,10        ,9260    ,112280    ,1840     ,60
file.SB      ,get      ,10    ,4       ,10        ,13941   ,86671     ,1760     ,50
file.SB      ,put      ,10    ,4       ,100       ,9610    ,116904    ,2826     ,60
file.SB      ,get      ,10    ,4       ,100       ,13894   ,85472     ,2752     ,50
file.SB      ,put      ,10    ,4       ,1000      ,6932    ,162076    ,11946    ,60
file.SB      ,get      ,10    ,4       ,1000      ,13106   ,88050     ,11872    ,50
file.SB      ,put      ,10    ,8       ,10        ,9264    ,116995    ,1840     ,60
file.SB      ,get      ,10    ,8       ,10        ,13839   ,88963     ,1760     ,50
file.SB      ,put      ,10    ,8       ,100       ,9481    ,119023    ,2826     ,60
file.SB      ,get      ,10    ,8       ,100       ,13660   ,88401     ,2752     ,50
file.SB      ,put      ,10    ,8       ,1000      ,7154    ,171821    ,11946    ,60
file.SB      ,get      ,10    ,8       ,1000      ,12790   ,91651     ,11872    ,50
file.SB      ,put      ,10    ,16      ,100       ,9322    ,123695    ,2826     ,60
file.SB      ,get      ,10    ,16      ,100       ,13312   ,89967     ,2752     ,50
file.SB      ,put      ,10    ,16      ,1000      ,7135    ,170927    ,11946    ,60
file.SB      ,get      ,10    ,16      ,1000      ,12194   ,95588     ,11872    ,50
file.SB      ,put      ,100   ,2       ,10        ,967     ,1108916   ,18400    ,600
file.SB      ,get      ,100   ,2       ,10        ,1266    ,865724    ,17600    ,500
file.SB      ,put      ,100   ,2       ,100       ,1022    ,1166967   ,28266    ,600
file.SB      ,get      ,100   ,2       ,100       ,1372    ,848389    ,27520    ,500
file.SB      ,put      ,100   ,2       ,1000      ,718     ,1655392   ,119468   ,600
file.SB      ,get      ,100   ,2       ,1000      ,1256    ,888512    ,118721   ,500
file.SB      ,put      ,100   ,4       ,10        ,960     ,1126577   ,18400    ,600
file.SB      ,get      ,100   ,4       ,10        ,1242    ,872276    ,17600    ,500
file.SB      ,put      ,100   ,4       ,100       ,924     ,1180068   ,28267    ,600
file.SB      ,get      ,100   ,4       ,100       ,1269    ,874736    ,27520    ,500
file.SB      ,put      ,100   ,4       ,1000      ,714     ,1613110   ,119201   ,600
file.SB      ,get      ,100   ,4       ,1000      ,1254    ,889642    ,118723   ,500
file.SB      ,put      ,100   ,8       ,10        ,952     ,1134937   ,18400    ,600
file.SB      ,get      ,100   ,8       ,10        ,1268    ,870001    ,17600    ,500
file.SB      ,put      ,100   ,8       ,100       ,987     ,1247585   ,28267    ,600
file.SB      ,get      ,100   ,8       ,100       ,1284    ,883268    ,27520    ,500
file.SB      ,put      ,100   ,8       ,1000      ,681     ,1647884   ,119468   ,600
file.SB      ,get      ,100   ,8       ,1000      ,1226    ,930931    ,118725   ,500
file.SB      ,put      ,100   ,16      ,100       ,932     ,1223461   ,28266    ,600
file.SB      ,get      ,100   ,16      ,100       ,1197    ,918155    ,27400    ,500
file.SB      ,put      ,100   ,16      ,1000      ,708     ,1638732   ,119472   ,600
file.SB      ,get      ,100   ,16      ,1000      ,1143    ,941884    ,118722   ,500
file.SB      ,put      ,1000  ,2       ,10        ,104     ,12603028  ,184008   ,6000
file.SB      ,get      ,1000  ,2       ,10        ,138     ,8761936   ,176000   ,5000
file.SB      ,put      ,1000  ,2       ,100       ,98      ,11916444  ,282671   ,6000
file.SB      ,get      ,1000  ,2       ,100       ,140     ,8563723   ,274006   ,5000
file.SB      ,put      ,1000  ,2       ,1000      ,64      ,16441704  ,1192028  ,6000
file.SB      ,get      ,1000  ,2       ,1000      ,129     ,9013861   ,1187246  ,5000
file.SB      ,put      ,1000  ,4       ,10        ,90      ,11435734  ,184005   ,6000
file.SB      ,get      ,1000  ,4       ,10        ,136     ,8705969   ,176001   ,5000
file.SB      ,put      ,1000  ,4       ,100       ,87      ,12253713  ,282672   ,6000
file.SB      ,get      ,1000  ,4       ,100       ,138     ,8752348   ,275208   ,5000
file.SB      ,put      ,1000  ,4       ,1000      ,69      ,17653831  ,1194708  ,6000
file.SB      ,get      ,1000  ,4       ,1000      ,123     ,9647794   ,1187242  ,5000
file.SB      ,put      ,1000  ,8       ,10        ,91      ,11776814  ,184003   ,6000
file.SB      ,get      ,1000  ,8       ,10        ,132     ,9245476   ,176000   ,5000
file.SB      ,put      ,1000  ,8       ,100       ,93      ,12468813  ,282673   ,6000
file.SB      ,get      ,1000  ,8       ,100       ,130     ,8960589   ,274008   ,5000
file.SB      ,put      ,1000  ,8       ,1000      ,60      ,17269784  ,1194687  ,6000
file.SB      ,get      ,1000  ,8       ,1000      ,124     ,9423919   ,1187224  ,5000
file.SB      ,put      ,1000  ,16      ,100       ,93      ,12723282  ,282669   ,6000
file.SB      ,get      ,1000  ,16      ,100       ,124     ,10049797  ,275203   ,5000
file.SB      ,put      ,1000  ,16      ,1000      ,61      ,17677036  ,1194677  ,6000
file.SB      ,get      ,1000  ,16      ,1000      ,100     ,10085353  ,1187214  ,5000
file.SB      ,put      ,10000 ,2       ,10        ,9       ,111154040 ,1840044  ,60000
file.SB      ,get      ,10000 ,2       ,10        ,13      ,87588834  ,1760007  ,50000
file.SB      ,put      ,10000 ,2       ,100       ,9       ,118330499 ,2826714  ,60000
file.SB      ,get      ,10000 ,2       ,100       ,13      ,87254499  ,2752081  ,50000
file.SB      ,put      ,10000 ,2       ,1000      ,7       ,163838281 ,11946736 ,60000
file.SB      ,get      ,10000 ,2       ,1000      ,12      ,100288461 ,11872098 ,50000
file.SB      ,put      ,10000 ,4       ,10        ,9       ,134973802 ,1840007  ,60000
file.SB      ,get      ,10000 ,4       ,10        ,12      ,88172168  ,1760001  ,50000
file.SB      ,put      ,10000 ,4       ,100       ,9       ,121680810 ,2826688  ,60000
file.SB      ,get      ,10000 ,4       ,100       ,12      ,89510078  ,2752025  ,50000
file.SB      ,put      ,10000 ,4       ,1000      ,7       ,173373240 ,11946710 ,60000
file.SB      ,get      ,10000 ,4       ,1000      ,12      ,92226516  ,11872060 ,50000
file.SB      ,put      ,10000 ,8       ,10        ,9       ,118493498 ,1840001  ,60000
file.SB      ,get      ,10000 ,8       ,10        ,12      ,91823488  ,1760000  ,50000
file.SB      ,put      ,10000 ,8       ,100       ,9       ,122240396 ,2826668  ,60000
file.SB      ,get      ,10000 ,8       ,100       ,12      ,92074545  ,2752006  ,50000
file.SB      ,put      ,10000 ,8       ,1000      ,6       ,169834282 ,11946696 ,60000
file.SB      ,get      ,10000 ,8       ,1000      ,12      ,98529173  ,11860046 ,50000
file.SB      ,put      ,10000 ,16      ,100       ,8       ,129421341 ,2826668  ,60000
file.SB      ,get      ,10000 ,16      ,100       ,12      ,99289486  ,2752001  ,50000
file.SB      ,put      ,10000 ,16      ,1000      ,6       ,166807418 ,11946682 ,60000
file.SB      ,get      ,10000 ,16      ,1000      ,10      ,100754480 ,11872016 ,50000
file.SB      ,put      ,100000,2       ,10        ,1       ,1122438385,26072928 ,604024
file.SB      ,get      ,100000,2       ,10        ,2       ,878057234 ,17600000 ,500000
file.SB      ,put      ,100000,2       ,100       ,1       ,1184594932,35882144 ,604068
file.SB      ,get      ,100000,2       ,100       ,2       ,887259844 ,27520104 ,500000
file.SB      ,put      ,100000,2       ,1000      ,1       ,1616785385,126920416,603952
file.SB      ,get      ,100000,2       ,1000      ,2       ,937846890 ,118720128,500000
file.SB      ,put      ,100000,4       ,10        ,1       ,1198345729,86452240 ,906160
file.SB      ,get      ,100000,4       ,10        ,2       ,899802096 ,17600000 ,500000
file.SB      ,put      ,100000,4       ,100       ,1       ,1255162974,96101344 ,906059
file.SB      ,get      ,100000,4       ,100       ,2       ,907294015 ,27520016 ,500000
file.SB      ,put      ,100000,4       ,1000      ,1       ,1637148849,187115744,905732
file.SB      ,get      ,100000,4       ,1000      ,2       ,959046236 ,118720064,500000
file.SB      ,put      ,100000,8       ,10        ,1       ,1330595895,246012240,1705549
file.SB      ,get      ,100000,8       ,10        ,2       ,940992744 ,17600000 ,500000
file.SB      ,put      ,100000,8       ,100       ,1       ,1353159587,256101824,1706067
file.SB      ,get      ,100000,8       ,100       ,2       ,934256452 ,27520008 ,500000
file.SB      ,put      ,100000,8       ,1000      ,1       ,1762539492,347755184,1706358
file.SB      ,get      ,100000,8       ,1000      ,2       ,989685026 ,118720008,500000
file.SB      ,put      ,100000,16      ,100       ,1       ,1615924884,576286624,3306014
file.SB      ,get      ,100000,16      ,100       ,2       ,991015876 ,27520008 ,500000
file.SB      ,put      ,100000,16      ,1000      ,1       ,2019691729,667457744,3306094
file.SB      ,get      ,100000,16      ,1000      ,1       ,1020929759,118720016,500000
file.SyncSB  ,put      ,1     ,2       ,10        ,97796   ,11953     ,184      ,6
file.SyncSB  ,get      ,1     ,2       ,10        ,119474  ,9747      ,176      ,5
file.SyncSB  ,put      ,1     ,2       ,100       ,92074   ,12726     ,282      ,6
file.SyncSB  ,get      ,1     ,2       ,100       ,116378  ,9587      ,275      ,5
file.SyncSB  ,put      ,1     ,2       ,1000      ,64765   ,17461     ,1194     ,6
file.SyncSB  ,get      ,1     ,2       ,1000      ,113770  ,10309     ,1187     ,5
file.SyncSB  ,put      ,1     ,4       ,10        ,93002   ,12829     ,184      ,6
file.SyncSB  ,get      ,1     ,4       ,10        ,113706  ,9679      ,176      ,5
file.SyncSB  ,put      ,1     ,4       ,100       ,91188   ,13043     ,282      ,6
file.SyncSB  ,get      ,1     ,4       ,100       ,115832  ,9725      ,275      ,5
file.SyncSB  ,put      ,1     ,4       ,1000      ,66879   ,17077     ,1194     ,6
file.SyncSB  ,get      ,1     ,4       ,1000      ,109954  ,9979      ,1187     ,5
file.SyncSB  ,put      ,1     ,8       ,10        ,92504   ,12238     ,184      ,6
file.SyncSB  ,get      ,1     ,8       ,10        ,109123  ,9876      ,176      ,5
file.SyncSB  ,put      ,1     ,8       ,100       ,84436   ,12707     ,282      ,6
file.SyncSB  ,get      ,1     ,8       ,100       ,111490  ,9912      ,275      ,5
file.SyncSB  ,put      ,1     ,8       ,1000      ,65216   ,17407     ,1194     ,6
file.SyncSB  ,get      ,1     ,8       ,1000      ,109724  ,10164     ,1187     ,5
file.SyncSB  ,put      ,1     ,16      ,100       ,86868   ,13194     ,282      ,6
file.SyncSB  ,get      ,1     ,16      ,100       ,111181  ,10157     ,275      ,5
file.SyncSB  ,put      ,1     ,16      ,1000      ,65094   ,17860     ,1194     ,6
file.SyncSB  ,get      ,1     ,16      ,1000      ,110270  ,10519     ,1187     ,5
file.SyncSB  ,put      ,10    ,2       ,10        ,9454    ,127365    ,1840     ,60
file.SyncSB  ,get      ,10    ,2       ,10        ,12355   ,96803     ,1760     ,50
file.SyncSB  ,put      ,10    ,2       ,100       ,9909    ,126642    ,2826     ,60
file.SyncSB  ,get      ,10    ,2       ,100       ,12273   ,96445     ,2752     ,50
file.SyncSB  ,put      ,10    ,2       ,1000      ,6997    ,169130    ,11946    ,60
file.SyncSB  ,get      ,10    ,2       ,1000      ,11991   ,100587    ,11872    ,50
file.SyncSB  ,put      ,10    ,4       ,10        ,9578    ,125648    ,1840     ,60
file.SyncSB  ,get      ,10    ,4       ,10        ,12196   ,98197     ,1760     ,50
file.SyncSB  ,put      ,10    ,4       ,100       ,9705    ,129408    ,2826     ,60
file.SyncSB  ,get      ,10    ,4       ,100       ,12060   ,97524     ,2752     ,50
file.SyncSB  ,put      ,10    ,4       ,1000      ,6606    ,171064    ,11946    ,60
file.SyncSB  ,get      ,10    ,4       ,1000      ,12001   ,100855    ,11872    ,50
file.SyncSB  ,put      ,10    ,8       ,10        ,9405    ,124968    ,1840     ,60
file.SyncSB  ,get      ,10    ,8       ,10        ,12056   ,99811     ,1760     ,50
file.SyncSB  ,put      ,10    ,8       ,100       ,9598    ,129506    ,2826     ,60
file.SyncSB  ,get      ,10    ,8       ,100       ,11776   ,99517     ,2752     ,50
file.SyncSB  ,put      ,10    ,8       ,1000      ,6696    ,167195    ,11946    ,60
file.SyncSB  ,get      ,10    ,8       ,1000      ,10000   ,103105    ,11872    ,50
file.SyncSB  ,put      ,10    ,16      ,100       ,9021    ,140589    ,2826     ,60
file.SyncSB  ,get      ,10    ,16      ,100       ,10000   ,104705    ,2752     ,50
file.SyncSB  ,put      ,10    ,16      ,1000      ,6602    ,167250    ,11946    ,60
file.SyncSB  ,get      ,10    ,16      ,1000      ,10000   ,107692    ,11872    ,50
file.SyncSB  ,put      ,100   ,2       ,10        ,918     ,1196697   ,18400    ,600
file.SyncSB  ,get      ,100   ,2       ,10        ,1186    ,964074    ,17600    ,500
file.SyncSB  ,put      ,100   ,2       ,100       ,915     ,1277951   ,28266    ,600
file.SyncSB  ,get      ,100   ,2       ,100       ,1153    ,969588    ,27520    ,500
file.SyncSB  ,put      ,100   ,2       ,1000      ,691     ,1738532   ,119468   ,600
file.SyncSB  ,get      ,100   ,2       ,1000      ,1060    ,1001648   ,118722   ,500
file.SyncSB  ,put      ,100   ,4       ,10        ,924     ,1225188   ,18400    ,600
file.SyncSB  ,get      ,100   ,4       ,10        ,1122    ,980306    ,17600    ,500
file.SyncSB  ,put      ,100   ,4       ,100       ,889     ,1265269   ,28267    ,600
file.SyncSB  ,get      ,100   ,4       ,100       ,1143    ,988951    ,27520    ,500
file.SyncSB  ,put      ,100   ,4       ,1000      ,670     ,1706617   ,119468   ,600
file.SyncSB  ,get      ,100   ,4       ,1000      ,1135    ,1000246   ,118721   ,500
file.SyncSB  ,put      ,100   ,8       ,10        ,894     ,1252349   ,18400    ,600
file.SyncSB  ,get      ,100   ,8       ,10        ,1136    ,998243    ,17600    ,500
file.SyncSB  ,put      ,100   ,8       ,100       ,878     ,1311710   ,28267    ,600
file.SyncSB  ,get      ,100   ,8       ,100       ,1172    ,1011248   ,27520    ,500
file.SyncSB  ,put      ,100   ,8       ,1000      ,675     ,1729028   ,119468   ,600
file.SyncSB  ,get      ,100   ,8       ,1000      ,1024    ,1034958   ,118721   ,500
file.SyncSB  ,put      ,100   ,16      ,100       ,858     ,1349332   ,28267    ,600
file.SyncSB  ,get      ,100   ,16      ,100       ,1110    ,1028260   ,27520    ,500
file.SyncSB  ,put      ,100   ,16      ,1000      ,638     ,1811230   ,119468   ,600
file.SyncSB  ,get      ,100   ,16      ,1000      ,934     ,1079358   ,118722   ,500
file.SyncSB  ,put      ,1000  ,2       ,10        ,85      ,12111431  ,184002   ,6000
file.SyncSB  ,get      ,1000  ,2       ,10        ,118     ,9657075   ,176001   ,5000
file.SyncSB  ,put      ,1000  ,2       ,100       ,94      ,12698757  ,282670   ,6000
file.SyncSB  ,get      ,1000  ,2       ,100       ,122     ,9902828   ,275205   ,5000
file.SyncSB  ,put      ,1000  ,2       ,1000      ,66      ,17364410  ,1194701  ,6000
file.SyncSB  ,get      ,1000  ,2       ,1000      ,100     ,10307557  ,1187233  ,5000
file.SyncSB  ,put      ,1000  ,4       ,10        ,81      ,12639269  ,184003   ,6000
file.SyncSB  ,get      ,1000  ,4       ,10        ,100     ,10068677  ,176000   ,5000
file.SyncSB  ,put      ,1000  ,4       ,100       ,87      ,13209411  ,282675   ,6000
file.SyncSB  ,get      ,1000  ,4       ,100       ,121     ,9943619   ,275208   ,5000
file.SyncSB  ,put      ,1000  ,4       ,1000      ,63      ,17468977  ,1194704  ,6000
file.SyncSB  ,get      ,1000  ,4       ,1000      ,114     ,10406376  ,1187241  ,5000
file.SyncSB  ,put      ,1000  ,8       ,10        ,93      ,14447337  ,184004   ,6000
file.SyncSB  ,get      ,1000  ,8       ,10        ,100     ,10349020  ,176002   ,5000
file.SyncSB  ,put      ,1000  ,8       ,100       ,84      ,13345286  ,282673   ,6000
file.SyncSB  ,get      ,1000  ,8       ,100       ,100     ,10287319  ,275207   ,5000
file.SyncSB  ,put      ,1000  ,8       ,1000      ,68      ,16813511  ,1194687  ,6000
file.SyncSB  ,get      ,1000  ,8       ,1000      ,100     ,10716142  ,1187227  ,5000
file.SyncSB  ,put      ,1000  ,16      ,100       ,87      ,14074542  ,282669   ,6000
file.SyncSB  ,get      ,1000  ,16      ,100       ,98      ,10957207  ,275203   ,5000
file.SyncSB  ,put      ,1000  ,16      ,1000      ,58      ,18066280  ,1194678  ,6000
file.SyncSB  ,get      ,1000  ,16      ,1000      ,100     ,12013998  ,1187215  ,5000
file.SyncSB  ,put      ,10000 ,2       ,10        ,9       ,130375335 ,1840056  ,60000
file.SyncSB  ,get      ,10000 ,2       ,10        ,12      ,97263956  ,1760034  ,50000
file.SyncSB  ,put      ,10000 ,2       ,100       ,9       ,124730196 ,2826732  ,60000
file.SyncSB  ,get      ,10000 ,2       ,100       ,12      ,100820397 ,2752097  ,50000
file.SyncSB  ,put      ,10000 ,2       ,1000      ,6       ,167973914 ,11946770 ,60000
file.SyncSB  ,get      ,10000 ,2       ,1000      ,10      ,101559590 ,11872112 ,50000
file.SyncSB  ,put      ,10000 ,4       ,10        ,9       ,139375385 ,1840008  ,60000
file.SyncSB  ,get      ,10000 ,4       ,10        ,10      ,100137134 ,1760000  ,50000
file.SyncSB  ,put      ,10000 ,4       ,100       ,8       ,130126402 ,2826698  ,60000
file.SyncSB  ,get      ,10000 ,4       ,100       ,12      ,101043200 ,2752040  ,50000
file.SyncSB  ,put      ,10000 ,4       ,1000      ,6       ,172465008 ,11946701 ,60000
file.SyncSB  ,get      ,10000 ,4       ,1000      ,10      ,104362792 ,11872059 ,50000
file.SyncSB  ,put      ,10000 ,8       ,10        ,8       ,126166027 ,1840002  ,60000
file.SyncSB  ,get      ,10000 ,8       ,10        ,10      ,103420037 ,1760000  ,50000
file.SyncSB  ,put      ,10000 ,8       ,100       ,8       ,132847870 ,2826668  ,60000
file.SyncSB  ,get      ,10000 ,8       ,100       ,10      ,102975448 ,2752016  ,50000
file.SyncSB  ,put      ,10000 ,8       ,1000      ,6       ,178951821 ,11946701 ,60000
file.SyncSB  ,get      ,10000 ,8       ,1000      ,10      ,108820483 ,11860033 ,50000
file.SyncSB  ,put      ,10000 ,16      ,100       ,8       ,139744576 ,2826668  ,60000
file.SyncSB  ,get      ,10000 ,16      ,100       ,10      ,112113408 ,2752000  ,50000
file.SyncSB  ,put      ,10000 ,16      ,1000      ,6       ,175205553 ,11946685 ,60000
file.SyncSB  ,get      ,10000 ,16      ,1000      ,9       ,114795261 ,11872014 ,50000
file.SyncSB  ,put      ,100000,2       ,10        ,1       ,1228219452,25969024 ,604004
file.SyncSB  ,get      ,100000,2       ,10        ,2       ,1040721176,17600000 ,500000
file.SyncSB  ,put      ,100000,2       ,100       ,1       ,1295817872,35989312 ,603959
file.SyncSB  ,get      ,100000,2       ,100       ,2       ,1002332221,27520104 ,500000
file.SyncSB  ,put      ,100000,2       ,1000      ,1       ,1713382419,127080848,603995
file.SyncSB  ,get      ,100000,2       ,1000      ,1       ,1051688185,118720144,500000
file.SyncSB  ,put      ,100000,4       ,10        ,1       ,1272674162,86331344 ,906371
file.SyncSB  ,get      ,100000,4       ,10        ,2       ,1015505322,17600000 ,500000
file.SyncSB  ,put      ,100000,4       ,100       ,1       ,1299948606,96296288 ,905834
file.SyncSB  ,get      ,100000,4       ,100       ,2       ,1016991258,27520024 ,500000
file.SyncSB  ,put      ,100000,4       ,1000      ,1       ,1759544536,187548464,906010
file.SyncSB  ,get      ,100000,4       ,1000      ,1       ,1043030843,118720016,500000
file.SyncSB  ,put      ,100000,8       ,10        ,1       ,1447255496,246276352,1705949
file.SyncSB  ,get      ,100000,8       ,10        ,1       ,1118427333,17600000 ,500000
file.SyncSB  ,put      ,100000,8       ,100       ,1       ,1620677757,256443872,1706055
file.SyncSB  ,get      ,100000,8       ,100       ,1       ,1126763660,27520016 ,500000
file.SyncSB  ,put      ,100000,8       ,1000      ,1       ,1803934560,347483488,1705923
file.SyncSB  ,get      ,100000,8       ,1000      ,1       ,1066944855,118720016,500000
file.SyncSB  ,put      ,100000,16      ,100       ,1       ,1662141415,576350304,3305996
file.SyncSB  ,get      ,100000,16      ,100       ,1       ,1095670542,27520016 ,500000
file.SyncSB  ,put      ,100000,16      ,1000      ,1       ,2060028083,667429472,3305912
file.SyncSB  ,get      ,100000,16      ,1000      ,1       ,1164963829,118720032,500000
mem.Cache    ,put      ,1     ,2       ,10        ,21985128,52.4      ,2        ,1
mem.Cache    ,get      ,1     ,2       ,10        ,13547115,83.2      ,48       ,1
mem.Cache    ,put      ,1     ,2       ,100       ,23188602,50.9      ,2        ,1
mem.Cache    ,get      ,1     ,2       ,100       ,13723402,80.4      ,48       ,1
mem.Cache    ,put      ,1     ,2       ,1000      ,22517472,51.9      ,2        ,1
mem.Cache    ,get      ,1     ,2       ,1000      ,13136550,83.2      ,48       ,1
mem.Cache    ,put      ,1     ,4       ,10        ,20954212,53.7      ,4        ,1
mem.Cache    ,get      ,1     ,4       ,10        ,13270058,81.2      ,48       ,1
mem.Cache    ,put      ,1     ,4       ,100       ,21021187,54.0      ,4        ,1
mem.Cache    ,get      ,1     ,4       ,100       ,13697246,81.1      ,48       ,1
mem.Cache    ,put      ,1     ,4       ,1000      ,18964999,54.6      ,4        ,1
mem.Cache    ,get      ,1     ,4       ,1000      ,13078803,85.0      ,48       ,1
mem.Cache    ,put      ,1     ,8       ,10        ,20713964,52.9      ,8        ,1
mem.Cache    ,get      ,1     ,8       ,10        ,13631508,80.6      ,48       ,1
mem.Cache    ,put      ,1     ,8       ,100       ,20862075,54.8      ,8        ,1
mem.Cache    ,get      ,1     ,8       ,100       ,13555477,79.8      ,48       ,1
mem.Cache    ,put      ,1     ,8       ,1000      ,20734150,54.1      ,8        ,1
mem.Cache    ,get      ,1     ,8       ,1000      ,13435322,80.9      ,48       ,1
mem.Cache    ,put      ,1     ,16      ,100       ,17299345,60.7      ,16       ,1
mem.Cache    ,get      ,1     ,16      ,100       ,12989730,80.0      ,48       ,1
mem.Cache    ,put      ,1     ,16      ,1000      ,19257958,58.7      ,16       ,1
mem.Cache    ,get      ,1     ,16      ,1000      ,13181353,81.7      ,48       ,1
mem.Cache    ,put      ,10    ,2       ,10        ,2332606 ,507       ,20       ,10
mem.Cache    ,get      ,10    ,2       ,10        ,1294363 ,887       ,480      ,10
mem.Cache    ,put      ,10    ,2       ,100       ,2364031 ,499       ,20       ,10
mem.Cache    ,get      ,10    ,2       ,100       ,1271553 ,914       ,480      ,10
mem.Cache    ,put      ,10    ,2       ,1000      ,2192839 ,552       ,20       ,10
mem.Cache    ,get      ,10    ,2       ,1000      ,1317068 ,906       ,480      ,10
mem.Cache    ,put      ,10    ,4       ,10        ,2410741 ,499       ,40       ,10
mem.Cache    ,get      ,10    ,4       ,10        ,1314134 ,899       ,480      ,10
mem.Cache    ,put      ,10    ,4       ,100       ,2204400 ,531       ,40       ,10
mem.Cache    ,get      ,10    ,4       ,100       ,1313521 ,917       ,480      ,10
mem.Cache    ,put      ,10    ,4       ,1000      ,2373957 ,503       ,40       ,10
mem.Cache    ,get      ,10    ,4       ,1000      ,1292599 ,906       ,480      ,10
mem.Cache    ,put      ,10    ,8       ,10        ,2347939 ,524       ,80       ,10
mem.Cache    ,get      ,10    ,8       ,10        ,1302608 ,951       ,480      ,10
mem.Cache    ,put      ,10    ,8       ,100       ,2412454 ,496       ,80       ,10
mem.Cache    ,get      ,10    ,8       ,100       ,1333450 ,884       ,480      ,10
mem.Cache    ,put      ,10    ,8       ,1000      ,2237869 ,531       ,80       ,10
mem.Cache    ,get      ,10    ,8       ,1000      ,1305519 ,937       ,480      ,10
mem.Cache    ,put      ,10    ,16      ,100       ,2131730 ,573       ,160      ,10
mem.Cache    ,get      ,10    ,16      ,100       ,1302555 ,912       ,480      ,10
mem.Cache    ,put      ,10    ,16      ,1000      ,2081713 ,571       ,160      ,10
mem.Cache    ,get      ,10    ,16      ,1000      ,1299910 ,921       ,480      ,10
mem.Cache    ,put      ,100   ,2       ,10        ,175658  ,6078      ,200      ,100
mem.Cache    ,get      ,100   ,2       ,10        ,112257  ,9861      ,4800     ,100
mem.Cache    ,put      ,100   ,2       ,100       ,186267  ,6166      ,200      ,100
mem.Cache    ,get      ,100   ,2       ,100       ,110654  ,9797      ,4800     ,100
mem.Cache    ,put      ,100   ,2       ,1000      ,198070  ,6055      ,200      ,100
mem.Cache    ,get      ,100   ,2       ,1000      ,106076  ,9660      ,4800     ,100
mem.Cache    ,put      ,100   ,4       ,10        ,190695  ,6089      ,400      ,100
mem.Cache    ,get      ,100   ,4       ,10        ,112548  ,9852      ,4800     ,100
mem.Cache    ,put      ,100   ,4       ,100       ,179910  ,6131      ,400      ,100
mem.Cache    ,get      ,100   ,4       ,100       ,115878  ,9822      ,4800     ,100
mem.Cache    ,put      ,100   ,4       ,1000      ,171350  ,6183      ,400      ,100
mem.Cache    ,get      ,100   ,4       ,1000      ,115284  ,10133     ,4800     ,100
mem.Cache    ,put      ,100   ,8       ,10        ,177805  ,6089      ,800      ,100
mem.Cache    ,get      ,100   ,8       ,10        ,115468  ,9687      ,4800     ,100
mem.Cache    ,put      ,100   ,8       ,100       ,186110  ,6148      ,800      ,100
mem.Cache    ,get      ,100   ,8       ,100       ,123752  ,9585      ,4800     ,100
mem.Cache    ,put      ,100   ,8       ,1000      ,186714  ,6275      ,800      ,100
mem.Cache    ,get      ,100   ,8       ,1000      ,121104  ,9685      ,4800     ,100
mem.Cache    ,put      ,100   ,16      ,100       ,166581  ,6858      ,1600     ,100
mem.Cache    ,get      ,100   ,16      ,100       ,119234  ,10252     ,4800     ,100
mem.Cache    ,put      ,100   ,16      ,1000      ,153288  ,6953      ,1600     ,100
mem.Cache    ,get      ,100   ,16      ,1000      ,113696  ,9748      ,4800     ,100
mem.Cache    ,put      ,1000  ,2       ,10        ,18484   ,63856     ,2000     ,1000
mem.Cache    ,get      ,1000  ,2       ,10        ,10000   ,102611    ,48000    ,1000
mem.Cache    ,put      ,1000  ,2       ,100       ,19022   ,63133     ,2000     ,1000
mem.Cache    ,get      ,1000  ,2       ,100       ,10000   ,103235    ,48000    ,1000
mem.Cache    ,put      ,1000  ,2       ,1000      ,18681   ,63894     ,2000     ,1000
mem.Cache    ,get      ,1000  ,2       ,1000      ,10000   ,106949    ,48000    ,1000
mem.Cache    ,put      ,1000  ,4       ,10        ,18326   ,65156     ,4000     ,1000
mem.Cache    ,get      ,1000  ,4       ,10        ,9952    ,105001    ,48000    ,1000
mem.Cache    ,put      ,1000  ,4       ,100       ,17590   ,66520     ,4000     ,1000
mem.Cache    ,get      ,1000  ,4       ,100       ,10000   ,104672    ,48000    ,1000
mem.Cache    ,put      ,1000  ,4       ,1000      ,17860   ,65425     ,4000     ,1000
mem.Cache    ,get      ,1000  ,4       ,1000      ,10000   ,108168    ,48000    ,1000
mem.Cache    ,put      ,1000  ,8       ,10        ,17972   ,67153     ,8000     ,1000
mem.Cache    ,get      ,1000  ,8       ,10        ,10000   ,104451    ,48000    ,1000
mem.Cache    ,put      ,1000  ,8       ,100       ,18502   ,63826     ,8000     ,1000
mem.Cache    ,get      ,1000  ,8       ,100       ,10000   ,103046    ,48000    ,1000
mem.Cache    ,put      ,1000  ,8       ,1000      ,18450   ,65238     ,8000     ,1000
mem.Cache    ,get      ,1000  ,8       ,1000      ,10000   ,102547    ,48000    ,1000
mem.Cache    ,put      ,1000  ,16      ,100       ,15931   ,72028     ,16000    ,1000
mem.Cache    ,get      ,1000  ,16      ,100       ,10000   ,105658    ,48000    ,1000
mem.Cache    ,put      ,1000  ,16      ,1000      ,15964   ,73257     ,16000    ,1000
mem.Cache    ,get      ,1000  ,16      ,1000      ,10000   ,106788    ,48000    ,1000
mem.Cache    ,put      ,10000 ,2       ,10        ,1522    ,737047    ,20000    ,10000
mem.Cache    ,get      ,10000 ,2       ,10        ,951     ,1212706   ,480000   ,10000
mem.Cache    ,put      ,10000 ,2       ,100       ,1484    ,719289    ,20000    ,10000
mem.Cache    ,get      ,10000 ,2       ,100       ,993     ,1197358   ,480000   ,10000
mem.Cache    ,put      ,10000 ,2       ,1000      ,1695    ,717991    ,20000    ,10000
mem.Cache    ,get      ,10000 ,2       ,1000      ,1058    ,1109798   ,480000   ,10000
mem.Cache    ,put      ,10000 ,4       ,10        ,1488    ,758302    ,40000    ,10000
mem.Cache    ,get      ,10000 ,4       ,10        ,956     ,1236996   ,480000   ,10000
mem.Cache    ,put      ,10000 ,4       ,100       ,1504    ,755248    ,40000    ,10000
mem.Cache    ,get      ,10000 ,4       ,100       ,994     ,1186374   ,480000   ,10000
mem.Cache    ,put      ,10000 ,4       ,1000      ,1608    ,736371    ,40000    ,10000
mem.Cache    ,get      ,10000 ,4       ,1000      ,1038    ,1104019   ,480000   ,10000
mem.Cache    ,put      ,10000 ,8       ,10        ,1408    ,755725    ,80000    ,10000
mem.Cache    ,get      ,10000 ,8       ,10        ,952     ,1236934   ,480000   ,10000
mem.Cache    ,put      ,10000 ,8       ,100       ,1537    ,748028    ,80000    ,10000
mem.Cache    ,get      ,10000 ,8       ,100       ,982     ,1165705   ,480000   ,10000
mem.Cache    ,put      ,10000 ,8       ,1000      ,1370    ,744041    ,80000    ,10000
mem.Cache    ,get      ,10000 ,8       ,1000      ,1038    ,1095198   ,480000   ,10000
mem.Cache    ,put      ,10000 ,16      ,100       ,1286    ,828054    ,160000   ,10000
mem.Cache    ,get      ,10000 ,16      ,100       ,980     ,1170605   ,480000   ,10000
mem.Cache    ,put      ,10000 ,16      ,1000      ,1257    ,802088    ,160000   ,10000
mem.Cache    ,get      ,10000 ,16      ,1000      ,976     ,1108038   ,480000   ,10000
mem.Cache    ,put      ,100000,2       ,10        ,138     ,8315039   ,200000   ,100000
mem.Cache    ,get      ,100000,2       ,10        ,93      ,12810912  ,4800002  ,100000
mem.Cache    ,put      ,100000,2       ,100       ,140     ,8091410   ,200000   ,100000
mem.Cache    ,get      ,100000,2       ,100       ,93      ,12398442  ,4800001  ,100000
mem.Cache    ,put      ,100000,2       ,1000      ,146     ,8036803   ,200000   ,100000
mem.Cache    ,get      ,100000,2       ,1000      ,98      ,12444754  ,4800000  ,100000
mem.Cache    ,put      ,100000,4       ,10        ,108     ,9321745   ,400000   ,100000
mem.Cache    ,get      ,100000,4       ,10        ,85      ,13718404  ,4800001  ,100000
mem.Cache    ,put      ,100000,4       ,100       ,124     ,8956294   ,400000   ,100000
mem.Cache    ,get      ,100000,4       ,100       ,86      ,13759650  ,4800000  ,100000
mem.Cache    ,put      ,100000,4       ,1000      ,129     ,9088166   ,400000   ,100000
mem.Cache    ,get      ,100000,4       ,1000      ,91      ,12873216  ,4800000  ,100000
mem.Cache    ,put      ,100000,8       ,10        ,126     ,9820391   ,800001   ,100000
mem.Cache    ,get      ,100000,8       ,10        ,85      ,14287892  ,4800000  ,100000
mem.Cache    ,put      ,100000,8       ,100       ,127     ,8907958   ,800001   ,100000
mem.Cache    ,get      ,100000,8       ,100       ,81      ,14074045  ,4800000  ,100000
mem.Cache    ,put      ,100000,8       ,1000      ,135     ,8894355   ,800000   ,100000
mem.Cache    ,get      ,100000,8       ,1000      ,91      ,13080497  ,4800000  ,100000
mem.Cache    ,put      ,100000,16      ,100       ,118     ,11287277  ,1600000  ,100000
mem.Cache    ,get      ,100000,16      ,100       ,86      ,13460725  ,4800000  ,100000
mem.Cache    ,put      ,100000,16      ,1000      ,114     ,9790257   ,1600000  ,100000
mem.Cache    ,get      ,100000,16      ,1000      ,90      ,12868683  ,4800000  ,100000
mem.SyncCache,put      ,1     ,2       ,10        ,6203844 ,189       ,66       ,4
mem.SyncCache,get      ,1     ,2       ,10        ,9564626 ,118       ,48       ,1
mem.SyncCache,put      ,1     ,2       ,100       ,5992861 ,192       ,66       ,4
mem.SyncCache,get      ,1     ,2       ,100       ,10156540,118       ,48       ,1
mem.SyncCache,put      ,1     ,2       ,1000      ,5978443 ,193       ,66       ,4
mem.SyncCache,get      ,1     ,2       ,1000      ,10011002,118       ,48       ,1
mem.SyncCache,put      ,1     ,4       ,10        ,5891670 ,195       ,68       ,4
mem.SyncCache,get      ,1     ,4       ,10        ,9962330 ,117       ,48       ,1
mem.SyncCache,put      ,1     ,4       ,100       ,6077200 ,193       ,68       ,4
mem.SyncCache,get      ,1     ,4       ,100       ,10096646,116       ,48       ,1
mem.SyncCache,put      ,1     ,4       ,1000      ,6238952 ,197       ,68       ,4
mem.SyncCache,get      ,1     ,4       ,1000      ,10210627,115       ,48       ,1
mem.SyncCache,put      ,1     ,8       ,10        ,5421498 ,198       ,72       ,4
mem.SyncCache,get      ,1     ,8       ,10        ,10247150,115       ,48       ,1
mem.SyncCache,put      ,1     ,8       ,100       ,5883903 ,196       ,72       ,4
mem.SyncCache,get      ,1     ,8       ,100       ,9974355 ,117       ,48       ,1
mem.SyncCache,put      ,1     ,8       ,1000      ,6076935 ,198       ,72       ,4
mem.SyncCache,get      ,1     ,8       ,1000      ,9860271 ,115       ,48       ,1
mem.SyncCache,put      ,1     ,16      ,100       ,5873866 ,196       ,80       ,4
mem.SyncCache,get      ,1     ,16      ,100       ,10110207,117       ,48       ,1
mem.SyncCache,put      ,1     ,16      ,1000      ,6016612 ,193       ,80       ,4
mem.SyncCache,get      ,1     ,16      ,1000      ,10214394,116       ,48       ,1
mem.SyncCache,put      ,10    ,2       ,10        ,622840  ,1976      ,660      ,40
mem.SyncCache,get      ,10    ,2       ,10        ,1000000 ,1183      ,480      ,10
mem.SyncCache,put      ,10    ,2       ,100       ,569683  ,2034      ,660      ,40
mem.SyncCache,get      ,10    ,2       ,100       ,984098  ,1261      ,480      ,10
mem.SyncCache,put      ,10    ,2       ,1000      ,630510  ,2014      ,660      ,40
mem.SyncCache,get      ,10    ,2       ,1000      ,849756  ,1204      ,480      ,10
mem.SyncCache,put      ,10    ,4       ,10        ,559051  ,2073      ,680      ,40
mem.SyncCache,get      ,10    ,4       ,10        ,864505  ,1299      ,480      ,10
mem.SyncCache,put      ,10    ,4       ,100       ,594428  ,2049      ,680      ,40
mem.SyncCache,get      ,10    ,4       ,100       ,1000000 ,1173      ,480      ,10
mem.SyncCache,put      ,10    ,4       ,1000      ,578100  ,2116      ,680      ,40
mem.SyncCache,get      ,10    ,4       ,1000      ,1000000 ,1186      ,480      ,10
mem.SyncCache,put      ,10    ,8       ,10        ,608002  ,2086      ,720      ,40
mem.SyncCache,get      ,10    ,8       ,10        ,902307  ,1263      ,480      ,10
mem.SyncCache,put      ,10    ,8       ,100       ,492300  ,2092      ,720      ,40
mem.SyncCache,get      ,10    ,8       ,100       ,976178  ,1249      ,480      ,10
mem.SyncCache,put      ,10    ,8       ,1000      ,574330  ,2041      ,720      ,40
mem.SyncCache,get      ,10    ,8       ,1000      ,963181  ,1229      ,480      ,10
mem.SyncCache,put      ,10    ,16      ,100       ,587253  ,2096      ,800      ,40
mem.SyncCache,get      ,10    ,16      ,100       ,955662  ,1277      ,480      ,10
mem.SyncCache,put      ,10    ,16      ,1000      ,567818  ,2118      ,800      ,40
mem.SyncCache,get      ,10    ,16      ,1000      ,938365  ,1316      ,480      ,10
mem.SyncCache,put      ,100   ,2       ,10        ,59092   ,20074     ,6600     ,400
mem.SyncCache,get      ,100   ,2       ,10        ,89559   ,12868     ,4800     ,100
mem.SyncCache,put      ,100   ,2       ,100       ,59139   ,19857     ,6600     ,400
mem.SyncCache,get      ,100   ,2       ,100       ,93849   ,12796     ,4800     ,100
mem.SyncCache,put      ,100   ,2       ,1000      ,58333   ,20152     ,6600     ,400
mem.SyncCache,get      ,100   ,2       ,1000      ,93117   ,12900     ,4800     ,100
mem.SyncCache,put      ,100   ,4       ,10        ,58057   ,21118     ,6800     ,400
mem.SyncCache,get      ,100   ,4       ,10        ,91035   ,12661     ,4800     ,100
mem.SyncCache,put      ,100   ,4       ,100       ,55489   ,20713     ,6800     ,400
mem.SyncCache,get      ,100   ,4       ,100       ,91699   ,12667     ,4800     ,100
mem.SyncCache,put      ,100   ,4       ,1000      ,57146   ,20291     ,6800     ,400
mem.SyncCache,get      ,100   ,4       ,1000      ,89545   ,12512     ,4800     ,100
mem.SyncCache,put      ,100   ,8       ,10        ,55309   ,20593     ,7200     ,400
mem.SyncCache,get      ,100   ,8       ,10        ,89154   ,12773     ,4800     ,100
mem.SyncCache,put      ,100   ,8       ,100       ,57358   ,21377     ,7200     ,400
mem.SyncCache,get      ,100   ,8       ,100       ,89906   ,12732     ,4800     ,100
mem.SyncCache,put      ,100   ,8       ,1000      ,55855   ,20863     ,7200     ,400
mem.SyncCache,get      ,100   ,8       ,1000      ,92410   ,12732     ,4800     ,100
mem.SyncCache,put      ,100   ,16      ,100       ,56547   ,20327     ,8000     ,400
mem.SyncCache,get      ,100   ,16      ,100       ,93614   ,12882     ,4800     ,100
mem.SyncCache,put      ,100   ,16      ,1000      ,57432   ,20650     ,8000     ,400
mem.SyncCache,get      ,100   ,16      ,1000      ,87417   ,13245     ,4800     ,100
mem.SyncCache,put      ,1000  ,2       ,10        ,5210    ,207961    ,66001    ,4000
mem.SyncCache,get      ,1000  ,2       ,10        ,9664    ,133780    ,48000    ,1000
mem.SyncCache,put      ,1000  ,2       ,100       ,6354    ,205769    ,66001    ,4000
mem.SyncCache,get      ,1000  ,2       ,100       ,9448    ,132982    ,48000    ,1000
mem.SyncCache,put      ,1000  ,2       ,1000      ,5937    ,208051    ,66001    ,4000
mem.SyncCache,get      ,1000  ,2       ,1000      ,9130    ,132014    ,48000    ,1000
mem.SyncCache,put      ,1000  ,4       ,10        ,6010    ,211284    ,68001    ,4000
mem.SyncCache,get      ,1000  ,4       ,10        ,7892    ,135474    ,48000    ,1000
mem.SyncCache,put      ,1000  ,4       ,100       ,5458    ,208943    ,68001    ,4000
mem.SyncCache,get      ,1000  ,4       ,100       ,8676    ,133262    ,48000    ,1000
mem.SyncCache,put      ,1000  ,4       ,1000      ,5932    ,210302    ,68001    ,4000
mem.SyncCache,get      ,1000  ,4       ,1000      ,9302    ,132445    ,48000    ,1000
mem.SyncCache,put      ,1000  ,8       ,10        ,5265    ,214195    ,72001    ,4000
mem.SyncCache,get      ,1000  ,8       ,10        ,8528    ,132116    ,48000    ,1000
mem.SyncCache,put      ,1000  ,8       ,100       ,5479    ,212539    ,72000    ,4000
mem.SyncCache,get      ,1000  ,8       ,100       ,9168    ,136024    ,48000    ,1000
mem.SyncCache,put      ,1000  ,8       ,1000      ,5026    ,218933    ,72001    ,4000
mem.SyncCache,get      ,1000  ,8       ,1000      ,9336    ,134422    ,48000    ,1000
mem.SyncCache,put      ,1000  ,16      ,100       ,5634    ,211176    ,80000    ,4000
mem.SyncCache,get      ,1000  ,16      ,100       ,9267    ,136929    ,48000    ,1000
mem.SyncCache,put      ,1000  ,16      ,1000      ,5460    ,214119    ,80000    ,4000
mem.SyncCache,get      ,1000  ,16      ,1000      ,8983    ,137277    ,48000    ,1000
mem.SyncCache,put      ,10000 ,2       ,10        ,504     ,2289525   ,660025   ,40000
mem.SyncCache,get      ,10000 ,2       ,10        ,757     ,1565957   ,480006   ,10000
mem.SyncCache,put      ,10000 ,2       ,100       ,508     ,2253488   ,660017   ,40000
mem.SyncCache,get      ,10000 ,2       ,100       ,766     ,1533118   ,480002   ,10000
mem.SyncCache,put      ,10000 ,2       ,1000      ,538     ,2096794   ,660003   ,40000
mem.SyncCache,get      ,10000 ,2       ,1000      ,801     ,1418853   ,480000   ,10000
mem.SyncCache,put      ,10000 ,4       ,10        ,498     ,2338654   ,680021   ,40000
mem.SyncCache,get      ,10000 ,4       ,10        ,754     ,1513766   ,480003   ,10000
mem.SyncCache,put      ,10000 ,4       ,100       ,518     ,2293050   ,680017   ,40000
mem.SyncCache,get      ,10000 ,4       ,100       ,799     ,1492433   ,480003   ,10000
mem.SyncCache,put      ,10000 ,4       ,1000      ,513     ,2174479   ,680004   ,40000
mem.SyncCache,get      ,10000 ,4       ,1000      ,800     ,1415217   ,480001   ,10000
mem.SyncCache,put      ,10000 ,8       ,10        ,492     ,2378221   ,720018   ,40000
mem.SyncCache,get      ,10000 ,8       ,10        ,764     ,1535682   ,480005   ,10000
mem.SyncCache,put      ,10000 ,8       ,100       ,498     ,2296692   ,720014   ,40000
mem.SyncCache,get      ,10000 ,8       ,100       ,796     ,1464704   ,480004   ,10000
mem.SyncCache,put      ,10000 ,8       ,1000      ,474     ,2205851   ,720003   ,40000
mem.SyncCache,get      ,10000 ,8       ,1000      ,844     ,1413540   ,480000   ,10000
mem.SyncCache,put      ,10000 ,16      ,100       ,524     ,2292581   ,800011   ,40000
mem.SyncCache,get      ,10000 ,16      ,100       ,778     ,1491872   ,480002   ,10000
mem.SyncCache,put      ,10000 ,16      ,1000      ,525     ,2131090   ,800003   ,40000
mem.SyncCache,get      ,10000 ,16      ,1000      ,790     ,1417631   ,480000   ,10000
mem.SyncCache,put      ,100000,2       ,10        ,43      ,26711691  ,6600032  ,400000
mem.SyncCache,get      ,100000,2       ,10        ,49      ,23754601  ,4800003  ,100000
mem.SyncCache,put      ,100000,2       ,100       ,43      ,26376393  ,6600011  ,400000
mem.SyncCache,get      ,100000,2       ,100       ,49      ,23294807  ,4800000  ,100000
mem.SyncCache,put      ,100000,2       ,1000      ,45      ,25547176  ,6600002  ,400000
mem.SyncCache,get      ,100000,2       ,1000      ,51      ,22310643  ,4800001  ,100000
mem.SyncCache,put      ,100000,4       ,10        ,44      ,26151796  ,6800018  ,400000
mem.SyncCache,get      ,100000,4       ,10        ,55      ,19465011  ,4800001  ,100000
mem.SyncCache,put      ,100000,4       ,100       ,45      ,25777013  ,6800014  ,400000
mem.SyncCache,get      ,100000,4       ,100       ,67      ,17833988  ,4800002  ,100000
mem.SyncCache,put      ,100000,4       ,1000      ,48      ,24310860  ,6800003  ,400000
mem.SyncCache,get      ,100000,4       ,1000      ,67      ,17051033  ,4800001  ,100000
mem.SyncCache,put      ,100000,8       ,10        ,43      ,27496298  ,7200017  ,400000
mem.SyncCache,get      ,100000,8       ,10        ,64      ,18773292  ,4800001  ,100000
mem.SyncCache,put      ,100000,8       ,100       ,44      ,26406832  ,7200016  ,400000
mem.SyncCache,get      ,100000,8       ,100       ,67      ,18039310  ,4800002  ,100000
mem.SyncCache,put      ,100000,8       ,1000      ,45      ,24955157  ,7200003  ,400000
mem.SyncCache,get      ,100000,8       ,1000      ,69      ,17374887  ,4800000  ,100000
mem.SyncCache,put      ,100000,16      ,100       ,45      ,26481608  ,8000010  ,400000
mem.SyncCache,get      ,100000,16      ,100       ,56      ,18315245  ,4800000  ,100000
mem.SyncCache,put      ,100000,16      ,1000      ,48      ,24985517  ,8000002  ,400000
mem.SyncCache,get      ,100000,16      ,1000      ,69      ,17469613  ,4800001  ,100000
mem.Trie     ,put      ,1     ,2       ,10        ,8076674 ,138       ,48       ,1
mem.Trie     ,get      ,1     ,2       ,10        ,8513157 ,148       ,48       ,1
mem.Trie     ,put      ,1     ,2       ,100       ,8423844 ,134       ,48       ,1
mem.Trie     ,get      ,1     ,2       ,100       ,8535813 ,141       ,48       ,1
mem.Trie     ,put      ,1     ,2       ,1000      ,8846311 ,135       ,48       ,1
mem.Trie     ,get      ,1     ,2       ,1000      ,8166559 ,144       ,48       ,1
mem.Trie     ,put      ,1     ,4       ,10        ,5864782 ,196       ,48       ,1
mem.Trie     ,get      ,1     ,4       ,10        ,6061084 ,198       ,48       ,1
mem.Trie     ,put      ,1     ,4       ,100       ,6240321 ,190       ,48       ,1
mem.Trie     ,get      ,1     ,4       ,100       ,4783700 ,213       ,48       ,1
mem.Trie     ,put      ,1     ,4       ,1000      ,6050824 ,195       ,48       ,1
mem.Trie     ,get      ,1     ,4       ,1000      ,5642875 ,196       ,48       ,1
mem.Trie     ,put      ,1     ,8       ,10        ,4123834 ,293       ,48       ,1
mem.Trie     ,get      ,1     ,8       ,10        ,3426378 ,336       ,48       ,1
mem.Trie     ,put      ,1     ,8       ,100       ,4058755 ,294       ,48       ,1
mem.Trie     ,get      ,1     ,8       ,100       ,3767832 ,320       ,48       ,1
mem.Trie     ,put      ,1     ,8       ,1000      ,4080730 ,299       ,48       ,1
mem.Trie     ,get      ,1     ,8       ,1000      ,3745089 ,317       ,48       ,1
mem.Trie     ,put      ,1     ,16      ,100       ,2228980 ,552       ,48       ,1
mem.Trie     ,get      ,1     ,16      ,100       ,1799196 ,644       ,48       ,1
mem.Trie     ,put      ,1     ,16      ,1000      ,1968529 ,599       ,48       ,1
mem.Trie     ,get      ,1     ,16      ,1000      ,1990388 ,585       ,48       ,1
mem.Trie     ,put      ,10    ,2       ,10        ,910548  ,1409      ,480      ,10
mem.Trie     ,get      ,10    ,2       ,10        ,854137  ,1405      ,480      ,10
mem.Trie     ,put      ,10    ,2       ,100       ,840722  ,1416      ,480      ,10
mem.Trie     ,get      ,10    ,2       ,100       ,871389  ,1425      ,480      ,10
mem.Trie     ,put      ,10    ,2       ,1000      ,915544  ,1407      ,480      ,10
mem.Trie     ,get      ,10    ,2       ,1000      ,908688  ,1423      ,480      ,10
mem.Trie     ,put      ,10    ,4       ,10        ,582022  ,1924      ,480      ,10
mem.Trie     ,get      ,10    ,4       ,10        ,601364  ,2036      ,480      ,10
mem.Trie     ,put      ,10    ,4       ,100       ,633304  ,2033      ,480      ,10
mem.Trie     ,get      ,10    ,4       ,100       ,527020  ,2098      ,480      ,10
mem.Trie     ,put      ,10    ,4       ,1000      ,653888  ,1983      ,480      ,10
mem.Trie     ,get      ,10    ,4       ,1000      ,568362  ,2027      ,480      ,10
mem.Trie     ,put      ,10    ,8       ,10        ,401766  ,3127      ,480      ,10
mem.Trie     ,get      ,10    ,8       ,10        ,374560  ,3271      ,480      ,10
mem.Trie     ,put      ,10    ,8       ,100       ,387718  ,3077      ,480      ,10
mem.Trie     ,get      ,10    ,8       ,100       ,361082  ,3316      ,480      ,10
mem.Trie     ,put      ,10    ,8       ,1000      ,340225  ,3252      ,480      ,10
mem.Trie     ,get      ,10    ,8       ,1000      ,317280  ,3351      ,480      ,10
mem.Trie     ,put      ,10    ,16      ,100       ,204373  ,5713      ,480      ,10
mem.Trie     ,get      ,10    ,16      ,100       ,183156  ,6064      ,480      ,10
mem.Trie     ,put      ,10    ,16      ,1000      ,204349  ,5784      ,480      ,10
mem.Trie     ,get      ,10    ,16      ,1000      ,189055  ,6076      ,480      ,10
mem.Trie     ,put      ,100   ,2       ,10        ,78070   ,14645     ,4800     ,100
mem.Trie     ,get      ,100   ,2       ,10        ,74830   ,15070     ,4800     ,100
mem.Trie     ,put      ,100   ,2       ,100       ,77264   ,14692     ,4800     ,100
mem.Trie     ,get      ,100   ,2       ,100       ,73578   ,15320     ,4800     ,100
mem.Trie     ,put      ,100   ,2       ,1000      ,79834   ,15072     ,4800     ,100
mem.Trie     ,get      ,100   ,2       ,1000      ,75338   ,15470     ,4800     ,100
mem.Trie     ,put      ,100   ,4       ,10        ,55936   ,23252     ,4800     ,100
mem.Trie     ,get      ,100   ,4       ,10        ,50134   ,23240     ,4800     ,100
mem.Trie     ,put      ,100   ,4       ,100       ,52203   ,21912     ,4800     ,100
mem.Trie     ,get      ,100   ,4       ,100       ,53394   ,22090     ,4800     ,100
mem.Trie     ,put      ,100   ,4       ,1000      ,56108   ,21362     ,4800     ,100
mem.Trie     ,get      ,100   ,4       ,1000      ,55198   ,22258     ,4800     ,100
mem.Trie     ,put      ,100   ,8       ,10        ,34393   ,33211     ,4800     ,100
mem.Trie     ,get      ,100   ,8       ,10        ,33505   ,36896     ,4800     ,100
mem.Trie     ,put      ,100   ,8       ,100       ,35022   ,33519     ,4800     ,100
mem.Trie     ,get      ,100   ,8       ,100       ,32757   ,35339     ,4800     ,100
mem.Trie     ,put      ,100   ,8       ,1000      ,35133   ,33500     ,4800     ,100
mem.Trie     ,get      ,100   ,8       ,1000      ,32246   ,36295     ,4800     ,100
mem.Trie     ,put      ,100   ,16      ,100       ,19976   ,60379     ,4800     ,100
mem.Trie     ,get      ,100   ,16      ,100       ,18576   ,64670     ,4800     ,100
mem.Trie     ,put      ,100   ,16      ,1000      ,19604   ,60796     ,4800     ,100
mem.Trie     ,get      ,100   ,16      ,1000      ,18325   ,64753     ,4800     ,100
mem.Trie     ,put      ,1000  ,2       ,10        ,7438    ,167405    ,48000    ,1000
mem.Trie     ,get      ,1000  ,2       ,10        ,7326    ,171163    ,48000    ,1000
mem.Trie     ,put      ,1000  ,2       ,100       ,6915    ,166793    ,48000    ,1000
mem.Trie     ,get      ,1000  ,2       ,100       ,7036    ,168447    ,48000    ,1000
mem.Trie     ,put      ,1000  ,2       ,1000      ,7615    ,172642    ,48000    ,1000
mem.Trie     ,get      ,1000  ,2       ,1000      ,7285    ,169059    ,48000    ,1000
mem.Trie     ,put      ,1000  ,4       ,10        ,5049    ,249482    ,48000    ,1000
mem.Trie     ,get      ,1000  ,4       ,10        ,4930    ,250973    ,48000    ,1000
mem.Trie     ,put      ,1000  ,4       ,100       ,5131    ,251438    ,48000    ,1000
mem.Trie     ,get      ,1000  ,4       ,100       ,4584    ,256489    ,48000    ,1000
mem.Trie     ,put      ,1000  ,4       ,1000      ,4603    ,257692    ,48000    ,1000
mem.Trie     ,get      ,1000  ,4       ,1000      ,4942    ,249546    ,48000    ,1000
mem.Trie     ,put      ,1000  ,8       ,10        ,3200    ,382293    ,48000    ,1000
mem.Trie     ,get      ,1000  ,8       ,10        ,2882    ,538726    ,48000    ,1000
mem.Trie     ,put      ,1000  ,8       ,100       ,2407    ,580945    ,48000    ,1000
mem.Trie     ,get      ,1000  ,8       ,100       ,2559    ,396756    ,48000    ,1000
mem.Trie     ,put      ,1000  ,8       ,1000      ,3218    ,381008    ,48000    ,1000
mem.Trie     ,get      ,1000  ,8       ,1000      ,2818    ,401849    ,48000    ,1000
mem.Trie     ,put      ,1000  ,16      ,100       ,1531    ,655553    ,48000    ,1000
mem.Trie     ,get      ,1000  ,16      ,100       ,1479    ,688301    ,48000    ,1000
mem.Trie     ,put      ,1000  ,16      ,1000      ,1790    ,647618    ,48000    ,1000
mem.Trie     ,get      ,1000  ,16      ,1000      ,1778    ,685432    ,48000    ,1000
mem.Trie     ,put      ,10000 ,2       ,10        ,628     ,1852807   ,480008   ,10000
mem.Trie     ,get      ,10000 ,2       ,10        ,620     ,1859521   ,480005   ,10000
mem.Trie     ,put      ,10000 ,2       ,100       ,610     ,1856445   ,480003   ,10000
mem.Trie     ,get      ,10000 ,2       ,100       ,616     ,1840185   ,480005   ,10000
mem.Trie     ,put      ,10000 ,2       ,1000      ,619     ,1830508   ,480000   ,10000
mem.Trie     ,get      ,10000 ,2       ,1000      ,633     ,1801978   ,480000   ,10000
mem.Trie     ,put      ,10000 ,4       ,10        ,412     ,2911182   ,480001   ,10000
mem.Trie     ,get      ,10000 ,4       ,10        ,386     ,3044243   ,480000   ,10000
mem.Trie     ,put      ,10000 ,4       ,100       ,382     ,2904214   ,480000   ,10000
mem.Trie     ,get      ,10000 ,4       ,100       ,385     ,3038624   ,480000   ,10000
mem.Trie     ,put      ,10000 ,4       ,1000      ,387     ,3104386   ,480000   ,10000
mem.Trie     ,get      ,10000 ,4       ,1000      ,350     ,3044232   ,480000   ,10000
mem.Trie     ,put      ,10000 ,8       ,10        ,193     ,5970718   ,480000   ,10000
mem.Trie     ,get      ,10000 ,8       ,10        ,174     ,6436951   ,480000   ,10000
mem.Trie     ,put      ,10000 ,8       ,100       ,192     ,6219212   ,480001   ,10000
mem.Trie     ,get      ,10000 ,8       ,100       ,178     ,6696079   ,480000   ,10000
mem.Trie     ,put      ,10000 ,8       ,1000      ,193     ,6576655   ,480000   ,10000
mem.Trie     ,get      ,10000 ,8       ,1000      ,184     ,6447568   ,480000   ,10000
mem.Trie     ,put      ,10000 ,16      ,100       ,98      ,11403514  ,480000   ,10000
mem.Trie     ,get      ,10000 ,16      ,100       ,100     ,12475581  ,480000   ,10000
mem.Trie     ,put      ,10000 ,16      ,1000      ,106     ,11377848  ,480000   ,10000
mem.Trie     ,get      ,10000 ,16      ,1000      ,86      ,11807999  ,480000   ,10000
mem.Trie     ,put      ,100000,2       ,10        ,61      ,18931678  ,4800000  ,100000
mem.Trie     ,get      ,100000,2       ,10        ,64      ,20647210  ,4800000  ,100000
mem.Trie     ,put      ,100000,2       ,100       ,62      ,18987460  ,4800001  ,100000
mem.Trie     ,get      ,100000,2       ,100       ,60      ,19824389  ,4800001  ,100000
mem.Trie     ,put      ,100000,2       ,1000      ,62      ,18662149  ,4800001  ,100000
mem.Trie     ,get      ,100000,2       ,1000      ,63      ,19728344  ,4800000  ,100000
mem.Trie     ,put      ,100000,4       ,10        ,21      ,51661327  ,4800000  ,100000
mem.Trie     ,get      ,100000,4       ,10        ,20      ,51515765  ,4800000  ,100000
mem.Trie     ,put      ,100000,4       ,100       ,22      ,51900864  ,4800000  ,100000
mem.Trie     ,get      ,100000,4       ,100       ,22      ,51613944  ,4800000  ,100000
mem.Trie     ,put      ,100000,4       ,1000      ,21      ,52629458  ,4800000  ,100000
mem.Trie     ,get      ,100000,4       ,1000      ,22      ,50887363  ,4800000  ,100000
mem.Trie     ,put      ,100000,8       ,10        ,14      ,83095961  ,4800000  ,100000
mem.Trie     ,get      ,100000,8       ,10        ,13      ,85756454  ,4800000  ,100000
mem.Trie     ,put      ,100000,8       ,100       ,14      ,83863889  ,4800000  ,100000
mem.Trie     ,get      ,100000,8       ,100       ,12      ,86625827  ,4800000  ,100000
mem.Trie     ,put      ,100000,8       ,1000      ,13      ,83407794  ,4800000  ,100000
mem.Trie     ,get      ,100000,8       ,1000      ,13      ,86565855  ,4800000  ,100000
mem.Trie     ,put      ,100000,16      ,100       ,8       ,140799885 ,4800000  ,100000
mem.Trie     ,get      ,100000,16      ,100       ,8       ,143412349 ,4800000  ,100000
mem.Trie     ,put      ,100000,16      ,1000      ,8       ,139119250 ,4800000  ,100000
mem.Trie     ,get      ,100000,16      ,1000      ,7       ,143717837 ,4800000  ,100000
mem.SyncTrie ,put      ,1     ,2       ,10        ,6249768 ,184       ,48       ,1
mem.SyncTrie ,get      ,1     ,2       ,10        ,6388304 ,190       ,48       ,1
mem.SyncTrie ,put      ,1     ,2       ,100       ,6510733 ,181       ,48       ,1
mem.SyncTrie ,get      ,1     ,2       ,100       ,6717274 ,189       ,48       ,1
mem.SyncTrie ,put      ,1     ,2       ,1000      ,6465508 ,181       ,48       ,1
mem.SyncTrie ,get      ,1     ,2       ,1000      ,6523291 ,186       ,48       ,1
mem.SyncTrie ,put      ,1     ,4       ,10        ,5012460 ,239       ,48       ,1
mem.SyncTrie ,get      ,1     ,4       ,10        ,4676668 ,248       ,48       ,1
mem.SyncTrie ,put      ,1     ,4       ,100       ,5085160 ,241       ,48       ,1
mem.SyncTrie ,get      ,1     ,4       ,100       ,4838988 ,248       ,48       ,1
mem.SyncTrie ,put      ,1     ,4       ,1000      ,5132830 ,236       ,48       ,1
mem.SyncTrie ,get      ,1     ,4       ,1000      ,4778857 ,254       ,48       ,1
mem.SyncTrie ,put      ,1     ,8       ,10        ,3425698 ,353       ,48       ,1
mem.SyncTrie ,get      ,1     ,8       ,10        ,3073755 ,373       ,48       ,1
mem.SyncTrie ,put      ,1     ,8       ,100       ,3358672 ,375       ,48       ,1
mem.SyncTrie ,get      ,1     ,8       ,100       ,3145993 ,373       ,48       ,1
mem.SyncTrie ,put      ,1     ,8       ,1000      ,3480232 ,347       ,48       ,1
mem.SyncTrie ,get      ,1     ,8       ,1000      ,3261160 ,368       ,48       ,1
mem.SyncTrie ,put      ,1     ,16      ,100       ,1913432 ,602       ,48       ,1
mem.SyncTrie ,get      ,1     ,16      ,100       ,1948378 ,619       ,48       ,1
mem.SyncTrie ,put      ,1     ,16      ,1000      ,2029138 ,602       ,48       ,1
mem.SyncTrie ,get      ,1     ,16      ,1000      ,1933514 ,627       ,48       ,1
mem.SyncTrie ,put      ,10    ,2       ,10        ,675676  ,1841      ,480      ,10
mem.SyncTrie ,get      ,10    ,2       ,10        ,676796  ,1824      ,480      ,10
mem.SyncTrie ,put      ,10    ,2       ,100       ,619774  ,1893      ,480      ,10
mem.SyncTrie ,get      ,10    ,2       ,100       ,564940  ,1862      ,480      ,10
mem.SyncTrie ,put      ,10    ,2       ,1000      ,590362  ,1819      ,480      ,10
mem.SyncTrie ,get      ,10    ,2       ,1000      ,713565  ,1820      ,480      ,10
mem.SyncTrie ,put      ,10    ,4       ,10        ,512398  ,2480      ,480      ,10
mem.SyncTrie ,get      ,10    ,4       ,10        ,506980  ,2475      ,480      ,10
mem.SyncTrie ,put      ,10    ,4       ,100       ,464733  ,2446      ,480      ,10
mem.SyncTrie ,get      ,10    ,4       ,100       ,500648  ,2489      ,480      ,10
mem.SyncTrie ,put      ,10    ,4       ,1000      ,525303  ,2387      ,480      ,10
mem.SyncTrie ,get      ,10    ,4       ,1000      ,487326  ,2474      ,480      ,10
mem.SyncTrie ,put      ,10    ,8       ,10        ,345648  ,3554      ,480      ,10
mem.SyncTrie ,get      ,10    ,8       ,10        ,317718  ,3748      ,480      ,10
mem.SyncTrie ,put      ,10    ,8       ,100       ,351415  ,3606      ,480      ,10
mem.SyncTrie ,get      ,10    ,8       ,100       ,331698  ,3704      ,480      ,10
mem.SyncTrie ,put      ,10    ,8       ,1000      ,338898  ,3546      ,480      ,10
mem.SyncTrie ,get      ,10    ,8       ,1000      ,314155  ,3696      ,480      ,10
mem.SyncTrie ,put      ,10    ,16      ,100       ,182469  ,6038      ,480      ,10
mem.SyncTrie ,get      ,10    ,16      ,100       ,186034  ,6452      ,480      ,10
mem.SyncTrie ,put      ,10    ,16      ,1000      ,179190  ,6155      ,480      ,10
mem.SyncTrie ,get      ,10    ,16      ,1000      ,172971  ,6557      ,480      ,10
mem.SyncTrie ,put      ,100   ,2       ,10        ,62050   ,19500     ,4800     ,100
mem.SyncTrie ,get      ,100   ,2       ,10        ,64723   ,18866     ,4800     ,100
mem.SyncTrie ,put      ,100   ,2       ,100       ,60751   ,19232     ,4800     ,100
mem.SyncTrie ,get      ,100   ,2       ,100       ,60950   ,19193     ,4800     ,100
mem.SyncTrie ,put      ,100   ,2       ,1000      ,60030   ,19370     ,4800     ,100
mem.SyncTrie ,get      ,100   ,2       ,1000      ,58687   ,18942     ,4800     ,100
mem.SyncTrie ,put      ,100   ,4       ,10        ,45900   ,25752     ,4800     ,100
mem.SyncTrie ,get      ,100   ,4       ,10        ,46344   ,26376     ,4800     ,100
mem.SyncTrie ,put      ,100   ,4       ,100       ,46026   ,25302     ,4800     ,100
mem.SyncTrie ,get      ,100   ,4       ,100       ,45346   ,26021     ,4800     ,100
mem.SyncTrie ,put      ,100   ,4       ,1000      ,46884   ,25445     ,4800     ,100
mem.SyncTrie ,get      ,100   ,4       ,1000      ,46264   ,25965     ,4800     ,100
mem.SyncTrie ,put      ,100   ,8       ,10        ,31086   ,37820     ,4800     ,100
mem.SyncTrie ,get      ,100   ,8       ,10        ,29846   ,40015     ,4800     ,100
mem.SyncTrie ,put      ,100   ,8       ,100       ,32252   ,38540     ,4800     ,100
mem.SyncTrie ,get      ,100   ,8       ,100       ,30321   ,39679     ,4800     ,100
mem.SyncTrie ,put      ,100   ,8       ,1000      ,31045   ,37977     ,4800     ,100
mem.SyncTrie ,get      ,100   ,8       ,1000      ,29968   ,39454     ,4800     ,100
mem.SyncTrie ,put      ,100   ,16      ,100       ,18080   ,64588     ,4800     ,100
mem.SyncTrie ,get      ,100   ,16      ,100       ,17288   ,69712     ,4800     ,100
mem.SyncTrie ,put      ,100   ,16      ,1000      ,18140   ,63103     ,4800     ,100
mem.SyncTrie ,get      ,100   ,16      ,1000      ,17541   ,67291     ,4800     ,100
mem.SyncTrie ,put      ,1000  ,2       ,10        ,5929    ,208448    ,48000    ,1000
mem.SyncTrie ,get      ,1000  ,2       ,10        ,6195    ,206328    ,48000    ,1000
mem.SyncTrie ,put      ,1000  ,2       ,100       ,5629    ,212918    ,48000    ,1000
mem.SyncTrie ,get      ,1000  ,2       ,100       ,5886    ,205863    ,48000    ,1000
mem.SyncTrie ,put      ,1000  ,2       ,1000      ,5875    ,218199    ,48000    ,1000
mem.SyncTrie ,get      ,1000  ,2       ,1000      ,6000    ,209665    ,48000    ,1000
mem.SyncTrie ,put      ,1000  ,4       ,10        ,4032    ,295132    ,48000    ,1000
mem.SyncTrie ,get      ,1000  ,4       ,10        ,4290    ,294131    ,48000    ,1000
mem.SyncTrie ,put      ,1000  ,4       ,100       ,3858    ,298799    ,48000    ,1000
mem.SyncTrie ,get      ,1000  ,4       ,100       ,4174    ,298119    ,48000    ,1000
mem.SyncTrie ,put      ,1000  ,4       ,1000      ,4266    ,290578    ,48000    ,1000
mem.SyncTrie ,get      ,1000  ,4       ,1000      ,3951    ,298040    ,48000    ,1000
mem.SyncTrie ,put      ,1000  ,8       ,10        ,2481    ,436132    ,48000    ,1000
mem.SyncTrie ,get      ,1000  ,8       ,10        ,2449    ,445804    ,48000    ,1000
mem.SyncTrie ,put      ,1000  ,8       ,100       ,2582    ,420904    ,48000    ,1000
mem.SyncTrie ,get      ,1000  ,8       ,100       ,2481    ,437704    ,48000    ,1000
mem.SyncTrie ,put      ,1000  ,8       ,1000      ,2582    ,423492    ,48000    ,1000
mem.SyncTrie ,get      ,1000  ,8       ,1000      ,2322    ,436206    ,48000    ,1000
mem.SyncTrie ,put      ,1000  ,16      ,100       ,1520    ,692330    ,48000    ,1000
mem.SyncTrie ,get      ,1000  ,16      ,100       ,1488    ,746821    ,48000    ,1000
mem.SyncTrie ,put      ,1000  ,16      ,1000      ,1467    ,699996    ,48000    ,1000
mem.SyncTrie ,get      ,1000  ,16      ,1000      ,1534    ,758550    ,48000    ,1000
mem.SyncTrie ,put      ,10000 ,2       ,10        ,480     ,2329149   ,480005   ,10000
mem.SyncTrie ,get      ,10000 ,2       ,10        ,524     ,2252653   ,480003   ,10000
mem.SyncTrie ,put      ,10000 ,2       ,100       ,508     ,2251274   ,480004   ,10000
mem.SyncTrie ,get      ,10000 ,2       ,100       ,525     ,2247409   ,480004   ,10000
mem.SyncTrie ,put      ,10000 ,2       ,1000      ,505     ,2185894   ,480001   ,10000
mem.SyncTrie ,get      ,10000 ,2       ,1000      ,546     ,2154609   ,480001   ,10000
mem.SyncTrie ,put      ,10000 ,4       ,10        ,332     ,3435079   ,480000   ,10000
mem.SyncTrie ,get      ,10000 ,4       ,10        ,325     ,3655830   ,480000   ,10000
mem.SyncTrie ,put      ,10000 ,4       ,100       ,325     ,3442397   ,480000   ,10000
mem.SyncTrie ,get      ,10000 ,4       ,100       ,343     ,3443537   ,480000   ,10000
mem.SyncTrie ,put      ,10000 ,4       ,1000      ,328     ,3383541   ,480000   ,10000
mem.SyncTrie ,get      ,10000 ,4       ,1000      ,337     ,3462826   ,480000   ,10000
mem.SyncTrie ,put      ,10000 ,8       ,10        ,180     ,6470473   ,480000   ,10000
mem.SyncTrie ,get      ,10000 ,8       ,10        ,175     ,6659633   ,480000   ,10000
mem.SyncTrie ,put      ,10000 ,8       ,100       ,180     ,6440927   ,480000   ,10000
mem.SyncTrie ,get      ,10000 ,8       ,100       ,176     ,6670886   ,480000   ,10000
mem.SyncTrie ,put      ,10000 ,8       ,1000      ,172     ,6285706   ,480000   ,10000
mem.SyncTrie ,get      ,10000 ,8       ,1000      ,177     ,6907656   ,480000   ,10000
mem.SyncTrie ,put      ,10000 ,16      ,100       ,102     ,11695823  ,480000   ,10000
mem.SyncTrie ,get      ,10000 ,16      ,100       ,94      ,11969101  ,480000   ,10000
mem.SyncTrie ,put      ,10000 ,16      ,1000      ,105     ,11824242  ,480000   ,10000
mem.SyncTrie ,get      ,10000 ,16      ,1000      ,97      ,12065576  ,480000   ,10000
mem.SyncTrie ,put      ,100000,2       ,10        ,49      ,23557492  ,4800001  ,100000
mem.SyncTrie ,get      ,100000,2       ,10        ,46      ,24290743  ,4800000  ,100000
mem.SyncTrie ,put      ,100000,2       ,100       ,51      ,23450205  ,4800005  ,100000
mem.SyncTrie ,get      ,100000,2       ,100       ,49      ,23822623  ,4800000  ,100000
mem.SyncTrie ,put      ,100000,2       ,1000      ,43      ,23937467  ,4800000  ,100000
mem.SyncTrie ,get      ,100000,2       ,1000      ,48      ,23001851  ,4800000  ,100000
mem.SyncTrie ,put      ,100000,4       ,10        ,22      ,51640321  ,4800000  ,100000
mem.SyncTrie ,get      ,100000,4       ,10        ,20      ,50755783  ,4800000  ,100000
mem.SyncTrie ,put      ,100000,4       ,100       ,22      ,51634357  ,4800004  ,100000
mem.SyncTrie ,get      ,100000,4       ,100       ,22      ,51536778  ,4800000  ,100000
mem.SyncTrie ,put      ,100000,4       ,1000      ,21      ,54617457  ,4800000  ,100000
mem.SyncTrie ,get      ,100000,4       ,1000      ,22      ,51586725  ,4800000  ,100000
mem.SyncTrie ,put      ,100000,8       ,10        ,14      ,81411773  ,4800000  ,100000
mem.SyncTrie ,get      ,100000,8       ,10        ,13      ,86616977  ,4800000  ,100000
mem.SyncTrie ,put      ,100000,8       ,100       ,13      ,81186305  ,4800000  ,100000
mem.SyncTrie ,get      ,100000,8       ,100       ,13      ,85222596  ,4800000  ,100000
mem.SyncTrie ,put      ,100000,8       ,1000      ,14      ,89652889  ,4800000  ,100000
mem.SyncTrie ,get      ,100000,8       ,1000      ,14      ,85397256  ,4800000  ,100000
mem.SyncTrie ,put      ,100000,16      ,100       ,8       ,133306882 ,4800000  ,100000
mem.SyncTrie ,get      ,100000,16      ,100       ,8       ,134901887 ,4800000  ,100000
mem.SyncTrie ,put      ,100000,16      ,1000      ,8       ,131950176 ,4800000  ,100000
mem.SyncTrie ,get      ,100000,16      ,1000      ,8       ,136264626 ,4800000  ,100000
